{
    "ABA": [
      {
        "item": "item 1",
        "price": 5,
        "quantity": 1,
        "total": 5
      },
      {
        "item": "item 3",
        "price": 4,
        "quantity": 1,
        "total": 4
      },
      {
        "item": "item 4",
        "price": 5,
        "quantity": 1,
        "total": 5
      },
      {
        "item": "item 6",
        "price": 10,
        "quantity": 1,
        "total": 10
      }
    ],
    "Wing": [
      {
        "item": "item 2",
        "price": 3,
        "quantity": 2,
        "total": 6
      },
      {
        "item": "item 7",
        "price": 15,
        "quantity": 1,
        "total": 15
      },
      {
        "item": "item 8",
        "price": 2,
        "quantity": 1,
        "total": 2
      }
    ],
    "PiPay": [
      {
        "item": "item 5",
        "price": 6,
        "quantity": 1,
        "total": 7
      }
    ]
  }
  